{"icon": "watch", "icon_offset": 1.7000000000000002, "upscale": 5, "pen_width": 0.3, "checksum_offset": 3.0000000000000004, "lateral_offset": 0.355, "__seed__": 0}